"Sequence","Concentration","StrandType","Function","Name"
"GCAATGTGAAAATGTTTACTCACCAACA",1e-07,"DNA","PRIMER","AMPL467096662_Fwd"
"TGTAGCACAATGAGAGTATAAAGTAGATGTAAT",1e-07,"DNA","PRIMER","AMPL467212996_Fwd"
"CTTTGCAAGTGGCACTCCTC",1e-07,"DNA","PRIMER","AMPL467561353_Fwd"
"GGCCATGTGCTTTTCAAACTAATTGT",1e-07,"DNA","PRIMER","AMPL467632467_Fwd"
"GGTTGCTGGATCCACTGGAG",1e-07,"DNA","PRIMER","AMPL467656796_Fwd"
"CGATCTGTGAGCCGAGTCTTTA",1e-07,"DNA","PRIMER","AMPL468048766_Fwd"
"CACTAGATGACCAGGAAATAGAGAGGAA",1e-07,"DNA","PRIMER","AMPL468091028_Fwd"
"TCAGGGTTCTTTGTGGTGTTTTTATCT",1e-07,"DNA","PRIMER","AMPL468172695_Fwd"
"CTCTGTGAACACAGGATAGAAGCA",1e-07,"DNA","PRIMER","AMPL468703966_Fwd"
"GCTGTCAAGCCGTGTTCTAGATAAAATA",1e-07,"DNA","PRIMER","AMPL468748906_Fwd"
"CAGTGAAAGACTTGTGATTACCTCAGAAA",1e-07,"DNA","PRIMER","AMPL468874944_Fwd"
"CCTGTCTCCTGGACAGAAACAAAA",1e-07,"DNA","PRIMER","AMPL468922661_Fwd"
"TGACTACATGGAACACATACCTTCGATA",1e-07,"DNA","PRIMER","AMPL469147322_Fwd"
"GCTTCCTATGACCCGGATAACAA",1e-07,"DNA","PRIMER","AMPL469324749_Fwd"
"GAAATCCAGATCGATGGTGTGTCT",1e-07,"DNA","PRIMER","AMPL469390256_Fwd"
"CAAGCAAGTGCAAGTCTAAGCC",1e-07,"DNA","PRIMER","AMPL469846525_Fwd"
"GGTTGGGCTCAGATCTGTGAT",1e-07,"DNA","PRIMER","AMPL469937071_Fwd"
"AAACTTGGATCCCTATGAACAGTGG",1e-07,"DNA","PRIMER","AMPL476533235_Fwd"
"GCAGAGCATTGAATTCTGCCAAATA",1e-07,"DNA","PRIMER","AMPL478031510_Fwd"
"CTCCCCATGATGTTTAGAAACACAACTA",1e-07,"DNA","PRIMER","AMPL492300506_Fwd"
"GCCAGCGTTGTCTCCAAACT",1e-07,"DNA","PRIMER","AMPL493118173_Fwd"
"GAATGAGAGACACACTGAAGAAGCA",1e-07,"DNA","PRIMER","AMPL497229850_Fwd"
"GGACACTGATATGGGTCTTGATAAATGG",1e-07,"DNA","PRIMER","AMPL497774927_Fwd"
"CTGGTAACTATGGATTTCCCCTCTTAC",1e-07,"DNA","PRIMER","AMPL556199792_Fwd"
"TGGTCAGGAGGGAGTTGACTT",1e-07,"DNA","PRIMER","AMPL556343103_Fwd"
"CCCTGGGCTCAACTCATTTGA",1e-07,"DNA","PRIMER","AMPL556370172_Fwd"
"CTAGGCACTGGATGGAGGTTG",1e-07,"DNA","PRIMER","AMPL556385351_Fwd"
"GGGAAAGACAGTCTTCGATTACTGAG",1e-07,"DNA","PRIMER","AMPL556424352_Fwd"
"CGCCTGGAGCTCTTCGT",1e-07,"DNA","PRIMER","AMPL569736509_Fwd"
"GGTCCTGGCCAGCCTCTA",1e-07,"DNA","PRIMER","AMPL569738926_Fwd"
"TGGAGGGACATGATGGACTACAT",1e-07,"DNA","PRIMER","AMPL569743668_Fwd"
"GGTGGGAAGGCACCTGA",1e-07,"DNA","PRIMER","AMPL569771076_Fwd"
"CCTCCACCTCCTGCCTCTT",1e-07,"DNA","PRIMER","AMPL569777773_Fwd"
"GGTCCTGGCCAGCCTCTA",1e-07,"DNA","PRIMER","AMPL569793612_Fwd"
"AGCCCGCTCCTTTCACC",1e-07,"DNA","PRIMER","AMPL569807803_Fwd"
"TCCACCTCCCGCCTCTT",1e-07,"DNA","PRIMER","AMPL569876406_Fwd"
"CTCTCCTCACCTGCAGCATC",1e-07,"DNA","PRIMER","AMPL570334446_Fwd"
"CGCCTGGAGCTCTTCGT",1e-07,"DNA","PRIMER","AMPL570348570_Fwd"
"CCTGAACTGAAAGTACTCCCTCCTT",1e-07,"DNA","PRIMER","AMPL570395247_Fwd"
"GAGGACCTGGAGCCTAGACA",1e-07,"DNA","PRIMER","AMPL570562416_Fwd"
"CTGTCGTTGGTCTCTGCTCT",1e-07,"DNA","PRIMER","AMPL570683433_Fwd"
"GGTGGGCAGCAGCTCAG",1e-07,"DNA","PRIMER","AMPL570891051_Fwd"
"GGTGGGCAGCAGCTCAG",1e-07,"DNA","PRIMER","AMPL570985432_Fwd"
"TCTTCAGTGGATTAAGCGTGAATATGTT",1e-07,"DNA","PRIMER","AMPL612959905_Fwd"
"CAGTTGACTTGTCATCTTGATTTCTGG",1e-07,"DNA","PRIMER","AMPL612960517_Fwd"
"CTTTTCTTCTGCTTCCCTTGCC",1e-07,"DNA","PRIMER","AMPL623736840_Fwd"
"GGTAGGTGAATCCCCAGTACGA",1e-07,"DNA","PRIMER","AMPL623749092_Fwd"
"TTTGCCCCTTGACAGGTATGG",1e-07,"DNA","PRIMER","AMPL623762017_Fwd"
"CCACTGTCCGGAAATTCATGGT",1e-07,"DNA","PRIMER","AMPL623764571_Fwd"
"ACTTCCTGAGGTTCATTACCACCT",1e-07,"DNA","PRIMER","AMPL623770850_Fwd"
"TTTTTATATCTTAAAGCTGTGTCTGTAAACTGA",1e-07,"DNA","PRIMER","AMPL648144397_Fwd"
"TGGTTTTCTGTACCCACCACTTTTAA",1e-07,"DNA","PRIMER","AMPL658783041_Fwd"
"TCAACTGGATGAGGGCAAGG",1e-07,"DNA","PRIMER","AMPL658804790_Fwd"
"GCACCAATGTCATGCCTCAAG",1e-07,"DNA","PRIMER","AMPL659619504_Fwd"
"GCATCCAGTTCCGCTCCATAG",1e-07,"DNA","PRIMER","AMPL661570029_Fwd"
"CAGAGCTAGTGGCTCACCTT",1e-07,"DNA","PRIMER","AMPL663100272_Fwd"
"CAGACTTCTTACTGAGCTTATGAAACCA",1e-07,"DNA","PRIMER","AMPL663779199_Fwd"
"AGAGGGTAAAATTAAGCACAGTGGAAG",1e-07,"DNA","PRIMER","AMPL712350278_Fwd"
"CAGGTCCCTGGAAGCTCTT",1e-07,"DNA","PRIMER","AMPL712394111_Fwd"
"CCCAGGGTTCACAGCTGTTC",1e-07,"DNA","PRIMER","AMPL712468205_Fwd"
"GAAGGTTGGAACGCTCATCC",1e-07,"DNA","PRIMER","AMPL807051270_Fwd"
"CCCCAGCTTCTGAAGACAGT",1e-07,"DNA","PRIMER","AMPL807062547_Fwd"
"GCTAATGTATTTCTAAGGCAGTGAGAGG",1e-07,"DNA","PRIMER","AMPL811140534_Fwd"
"TGACCCCAAAAGATTTACCATTATGCT",1e-07,"DNA","PRIMER","AMPL811145968_Fwd"
"GGGATTAGGTGCAGAGTTTTATTACC",1e-07,"DNA","PRIMER","AMPL811148683_Fwd"
"GGCCATAGAGAAGAGGGATCACAT",1e-07,"DNA","PRIMER","AMPL811598314_Fwd"
"TGCTTTCATACTTGCCTCCACAT",1e-07,"DNA","PRIMER","AMPL812248025_Fwd"
"CACAGTAACGCCCCTCGT",1e-07,"DNA","PRIMER","AMPL812522983_Fwd"
"AGACCTGAGCCACTTACCTGTA",1e-07,"DNA","PRIMER","AMPL868057489_Fwd"
"GGTGGTGCTGAACTCCAAGA",1e-07,"DNA","PRIMER","AMPL868122714_Fwd"
"GGTGGGCACCCTCACTCA",1e-07,"DNA","PRIMER","AMPL868334943_Fwd"
"GCAGCTGACCCAGGAGTT",1e-07,"DNA","PRIMER","AMPL868433204_Fwd"
"TCAGTAAGTAACTTTGGCTGCCAAAT",1e-07,"DNA","PRIMER","AMPL1314131500_Fwd"
"TTTCCATATGCCAGAAAAGTTGAATAGT",1e-07,"DNA","PRIMER","AMPL1316862546_Fwd"
"AATTTAATGTGATATGTGCCCTAGGAGA",1e-07,"DNA","PRIMER","AMPL1316863746_Fwd"
"TCTTATTTGGGTTCTGAATGCGTCTAC",1e-07,"DNA","PRIMER","AMPL1325115211_Fwd"
"CAGTCTGTCCTGAACCTGATGA",1e-07,"DNA","PRIMER","AMPL1350926839_Fwd"
"ACTGCAACCTCAAAGGAGCAA",1e-07,"DNA","PRIMER","AMPL1371818357_Fwd"
"CCCTGATAGTTTCCCATAACAACCT",1e-07,"DNA","PRIMER","AMPL1371818429_Fwd"
"GGACAAGCAAAAGGCTCCTTC",1e-07,"DNA","PRIMER","AMPL1371819731_Fwd"
"CACCTTTTGGTCTGGAGGGAAG",1e-07,"DNA","PRIMER","AMPL1380948433_Fwd"
"GTGCGTAGTGGGTGGAGAAA",1e-07,"DNA","PRIMER","AMPL1380948435_Fwd"
"CACAGTTGATGTGGAACCAGAAAG",1e-07,"DNA","PRIMER","AMPL1425597489_Fwd"
"TGATATGCCTTTTCCCAACTCCAG",1e-07,"DNA","PRIMER","AMPL1486226181_Fwd"
"AGGAGTCCAATTTTCACTCATCTTGT",1e-07,"DNA","PRIMER","AMPL1489330457_Fwd"
"AACTTCATAGGTTACGATTTATATTAAGCCCAA",1e-07,"DNA","PRIMER","AMPL1497161003_Fwd"
"ACTTAACGACTACAGAAGTAGTGATGGA",1e-07,"DNA","PRIMER","AMPL467213023_Fwd"
"TGATTACCTAGATTTTAGTGTGCTCAGA",1e-07,"DNA","PRIMER","AMPL467504527_Fwd"
"GTGATGACAGCCTCTTCTTCAGT",1e-07,"DNA","PRIMER","AMPL467649362_Fwd"
"AGGAAGATGTGCCTTTCAAATTCAGA",1e-07,"DNA","PRIMER","AMPL467692120_Fwd"
"TTCATTGAAAAGCCCGACAAATAACC",1e-07,"DNA","PRIMER","AMPL468021362_Fwd"
"GCAATTTCCCTGGGCTGTACAA",1e-07,"DNA","PRIMER","AMPL468184487_Fwd"
"GGTCCCACTTTTTATTCTTTTGCAGAG",1e-07,"DNA","PRIMER","AMPL468281303_Fwd"
"GATGTGGGCATGGGAGGAATA",1e-07,"DNA","PRIMER","AMPL468425396_Fwd"
"GCCCATCTGTTGAATAAAAGAAATATGACTT",1e-07,"DNA","PRIMER","AMPL468865894_Fwd"
"AAGGTAGCAGCTATTTTTATGGGACAT",1e-07,"DNA","PRIMER","AMPL468866489_Fwd"
"GCTTAGGATGATAATTGGAGGCAAGT",1e-07,"DNA","PRIMER","AMPL469146556_Fwd"
"AAGTCTTGTGTTGAAATTCTCAGGGT",1e-07,"DNA","PRIMER","AMPL469286737_Fwd"
"TTGATGGTAAGTACATGGGTGTTTCTT",1e-07,"DNA","PRIMER","AMPL469294494_Fwd"
"TGGCATGGTACCTATATGTCACAGA",1e-07,"DNA","PRIMER","AMPL469322657_Fwd"
"GCCTTCTGTCCCAGATCTCACT",1e-07,"DNA","PRIMER","AMPL469688358_Fwd"
"ATTTCATGCTATCAGAATTCACAAGGT",1e-07,"DNA","PRIMER","AMPL474961767_Fwd"
"AGCCTAGTTGATCAGCTTATTGTCTAGT",1e-07,"DNA","PRIMER","AMPL492210713_Fwd"
"GAGAGCAGCATAAATGTTGACATGG",1e-07,"DNA","PRIMER","AMPL497497076_Fwd"
"GAAAAGAACATGGAAGTTTGCTACGAC",1e-07,"DNA","PRIMER","AMPL556186951_Fwd"
"TTTATAGAACAGAACTGAAACTGACTCGG",1e-07,"DNA","PRIMER","AMPL556296474_Fwd"
"CTCATTGTGCCTGGCAACTG",1e-07,"DNA","PRIMER","AMPL556350401_Fwd"
"GGGCCTGCCATGAAAATGT",1e-07,"DNA","PRIMER","AMPL569735623_Fwd"
"GGCCAGAACCAGTGATGGG",1e-07,"DNA","PRIMER","AMPL569737895_Fwd"
"GTTCTTTTGCATACCCCAGTTATGG",1e-07,"DNA","PRIMER","AMPL569740889_Fwd"
"CTTGTCCTGAACTGAAAGTACTCCA",1e-07,"DNA","PRIMER","AMPL569741665_Fwd"
"GTGCACATGGCTGCAGT",1e-07,"DNA","PRIMER","AMPL569744325_Fwd"
"CCCTGACGGGCGTCTTG",1e-07,"DNA","PRIMER","AMPL569771170_Fwd"
"CTCTCCTCACCTGCAGCATC",1e-07,"DNA","PRIMER","AMPL569774125_Fwd"
"GGCACTTGCACATGGCT",1e-07,"DNA","PRIMER","AMPL569812811_Fwd"
"CGGTGGGAGGGTACCTGAA",1e-07,"DNA","PRIMER","AMPL569874802_Fwd"
"CCACCTCCCGCCTCTTG",1e-07,"DNA","PRIMER","AMPL569877865_Fwd"
"GGGCCTGCCGTGAAAAT",1e-07,"DNA","PRIMER","AMPL570347519_Fwd"
"GGGCCAGAGCCAGTGATG",1e-07,"DNA","PRIMER","AMPL570349389_Fwd"
"CGACTGCAGGAGGAGCTA",1e-07,"DNA","PRIMER","AMPL570761882_Fwd"
"CCAGATTCAGCAGCGACTGT",1e-07,"DNA","PRIMER","AMPL570836129_Fwd"
"GCTCCTCCCGTTCCCCTT",1e-07,"DNA","PRIMER","AMPL570896514_Fwd"
"CGGACCTGTCCTTGGGAGA",1e-07,"DNA","PRIMER","AMPL570976876_Fwd"
"CATCTGCTCTTCCCGTTCCC",1e-07,"DNA","PRIMER","AMPL570992917_Fwd"
"GACCACTTTAATGGTGTTTACCTACCTA",1e-07,"DNA","PRIMER","AMPL612960426_Fwd"
"GAGGGAGCTAGAGAGCTCTGA",1e-07,"DNA","PRIMER","AMPL623733836_Fwd"
"CTGTGGACATGGGAACAGGAT",1e-07,"DNA","PRIMER","AMPL623737664_Fwd"
"CCTGGTTGGGTTTGGGAGTAG",1e-07,"DNA","PRIMER","AMPL623742865_Fwd"
"CTGGTTAGTACTGGTCCCCTTCT",1e-07,"DNA","PRIMER","AMPL623750282_Fwd"
"CCTCCATCATGAAGAAGCTCTTGAC",1e-07,"DNA","PRIMER","AMPL623758630_Fwd"
"AAAAATGAAGTCCATGCCACCATTC",1e-07,"DNA","PRIMER","AMPL623760758_Fwd"
"ATAAAACCACAATGGTGGCATGA",1e-07,"DNA","PRIMER","AMPL647470059_Fwd"
"GATCATTACTGTTCTGTGATATTATGTGTGGT",1e-07,"DNA","PRIMER","AMPL647810578_Fwd"
"ACCAATTTTGAGGAAAGGATACAGACA",1e-07,"DNA","PRIMER","AMPL655136916_Fwd"
"TGGAAGCCACAGTACTTTTCAAGAA",1e-07,"DNA","PRIMER","AMPL658674329_Fwd"
"GGAGTAGGAAAGTTTCAAAGACCTGA",1e-07,"DNA","PRIMER","AMPL659377496_Fwd"
"TGCTGTTATTTTATGAAGACAGTGTGGA",1e-07,"DNA","PRIMER","AMPL659599485_Fwd"
"GCTTTTCGGACTTTTTCTGATGAAAGAA",1e-07,"DNA","PRIMER","AMPL659794021_Fwd"
"AGTGAACAAGTACATTGCTCCAAGT",1e-07,"DNA","PRIMER","AMPL661534109_Fwd"
"GGTGGAGAACATGGGAGAGAAA",1e-07,"DNA","PRIMER","AMPL663072267_Fwd"
"CCACCCACAGGGATAGTGAAC",1e-07,"DNA","PRIMER","AMPL807015613_Fwd"
"GCCTCATGTCGCGCAGT",1e-07,"DNA","PRIMER","AMPL807033687_Fwd"
"CAGTCTTGCTGAATTAAGCAGAAAGG",1e-07,"DNA","PRIMER","AMPL807207246_Fwd"
"TGAACATTTCCTGAATATCTACCAACCAA",1e-07,"DNA","PRIMER","AMPL811141827_Fwd"
"CTTGAATGAAGCAGGTCCCAAATTTTA",1e-07,"DNA","PRIMER","AMPL811143696_Fwd"
"GTTCAATGCTTGTAACTATTTTAATGGGCTT",1e-07,"DNA","PRIMER","AMPL811148743_Fwd"
"CAAGCCCCGTCGATTAGACA",1e-07,"DNA","PRIMER","AMPL811679394_Fwd"
"GGAGTGAGGTCTCTGGCTTT",1e-07,"DNA","PRIMER","AMPL812518150_Fwd"
"ACCTGAGAAGATAGTAAGCTAGATGAAT",1e-07,"DNA","PRIMER","AMPL844200061_Fwd"
"GCTGAACTCCAAGAGGACCAT",1e-07,"DNA","PRIMER","AMPL868037386_Fwd"
"GCCCACAGCCAGTGATG",1e-07,"DNA","PRIMER","AMPL868037962_Fwd"
"AGCCACTGGTCCATCCAAATT",1e-07,"DNA","PRIMER","AMPL868068403_Fwd"
"GACTTCTGCTGCAGAGAGTGATA",1e-07,"DNA","PRIMER","AMPL868171912_Fwd"
"CTTCCCCAATCCTCCAGGT",1e-07,"DNA","PRIMER","AMPL868225358_Fwd"
"CTGACCCAGGAGTTCTGTGAG",1e-07,"DNA","PRIMER","AMPL868241158_Fwd"
"ACTCATGTCGGTCCCTGAGAT",1e-07,"DNA","PRIMER","AMPL868360804_Fwd"
"AGACCTGAGCCACTTACCTGTA",1e-07,"DNA","PRIMER","AMPL939986921_Fwd"
"TGTCATCTTGTATATTATAGGTGGGATTCTTAA",1e-07,"DNA","PRIMER","AMPL1317650819_Fwd"
"AGCACCAGTTCGTATTATGTGTTTTACA",1e-07,"DNA","PRIMER","AMPL1350926834_Fwd"
"TTGAGCTGTCAAGGTTGTAAATAGACTT",1e-07,"DNA","PRIMER","AMPL1350926835_Fwd"
"AATGGCCAACTCTCGAAAGTTATGATTA",1e-07,"DNA","PRIMER","AMPL1350926836_Fwd"
"CCTTTAGAGAGAAGGCTGTCCTT",1e-07,"DNA","PRIMER","AMPL1350926838_Fwd"
"GTCCCTAACTTTCTTATCCCATGAGAGA",1e-07,"DNA","PRIMER","AMPL1371818112_Fwd"
"CCTGATACTTCTGTTGCCCTTGTG",1e-07,"DNA","PRIMER","AMPL1371818403_Fwd"
"CCACCAGTCTGACTGTTTCCA",1e-07,"DNA","PRIMER","AMPL1380948434_Fwd"
"GCAGGTCAGAGAAAAAGGGTTGA",1e-07,"DNA","PRIMER","AMPL1380948436_Fwd"
"CCCTTCTCCCCAGAGATATGTGT",1e-07,"DNA","PRIMER","AMPL1425598476_Fwd"
"TATTGACTTTTTATGGCACTAGTATTTCTATGA",1e-07,"DNA","PRIMER","AMPL1486260392_Fwd"
"ACACACATGAAGTCCAAGCATTTAGAT",1e-07,"DNA","PRIMER","AMPL1486309394_Fwd"
"CAAAGAATGGCACCAGTGTGAAA",1e-07,"DNA","PRIMER","AMPL1489275007_Fwd"
"TCAGGAAAGAGAACTTCCAGATCCT",1e-07,"DNA","PRIMER","AMPL1489306062_Fwd"
"CTGGTTCTTGTACCTGTCAACACT",1e-07,"DNA","PRIMER","AMPL1524050819_Fwd"
"TGAGTATCGCACATTCACTGTCATAC",1e-07,"DNA","PRIMER","AMPL467096662_Rev"
"CCTCCCAGAAGGCTGTTACATTC",1e-07,"DNA","PRIMER","AMPL467212996_Rev"
"GCATAGAGCAGTCCTGGTTTTACTAAA",1e-07,"DNA","PRIMER","AMPL467561353_Rev"
"GACAGGAGTACCAAGAAGTGAGAAATT",1e-07,"DNA","PRIMER","AMPL467632467_Rev"
"CACCCATACATTCTCCTAATGCTCAT",1e-07,"DNA","PRIMER","AMPL467656796_Rev"
"TCATCTTTCTTCACGTGTGAATTCTCAA",1e-07,"DNA","PRIMER","AMPL468048766_Rev"
"CAATCTATGATGGGACAGTCTGTCT",1e-07,"DNA","PRIMER","AMPL468091028_Rev"
"TGCTCCAAGAGAGTCATACCATGT",1e-07,"DNA","PRIMER","AMPL468172695_Rev"
"GTTGCAATTTGCAGGAACTATCACAT",1e-07,"DNA","PRIMER","AMPL468703966_Rev"
"ACTCCGCCTTTCCAGTTGTATAATTT",1e-07,"DNA","PRIMER","AMPL468748906_Rev"
"GAGGTGGAAGTCTACCATGATAAACAT",1e-07,"DNA","PRIMER","AMPL468874944_Rev"
"TCCCTGCTCAGAATCTGGTACT",1e-07,"DNA","PRIMER","AMPL468922661_Rev"
"TGTATACATCCCCAAACTATCTTAATTTAACTT",1e-07,"DNA","PRIMER","AMPL469147322_Rev"
"GTACGATACAGAATATATGTGCCATGGG",1e-07,"DNA","PRIMER","AMPL469324749_Rev"
"TATGAGAAAACTGCACTGGAGAAAAA",1e-07,"DNA","PRIMER","AMPL469390256_Rev"
"GCTCCAATTCCATGAGCAAATGTC",1e-07,"DNA","PRIMER","AMPL469846525_Rev"
"TTCCCACTGTGCTATTAAGTAACAGAAC",1e-07,"DNA","PRIMER","AMPL469937071_Rev"
"TCCAGTCAAAAGTACCTGTTGCT",1e-07,"DNA","PRIMER","AMPL476533235_Rev"
"TGAAGCCAGCTCTCTATCCCATT",1e-07,"DNA","PRIMER","AMPL478031510_Rev"
"CCTGGACAATACTAACCCTGATTTCC",1e-07,"DNA","PRIMER","AMPL492300506_Rev"
"AAAACTGCTTATTCCTTTACCCCAA",1e-07,"DNA","PRIMER","AMPL493118173_Rev"
"TCATAGAAATACTAGTGCCATAAAAAGTCAATA",1e-07,"DNA","PRIMER","AMPL497229850_Rev"
"TCTTCTCCAACACTACAAATTAACGAGTT",1e-07,"DNA","PRIMER","AMPL497774927_Rev"
"GAGGCCCATGCATCAACAAC",1e-07,"DNA","PRIMER","AMPL556199792_Rev"
"GCATATTTCCTCTGTCCCATCCATTA",1e-07,"DNA","PRIMER","AMPL556343103_Rev"
"CCCATTCCTCATGTAGAAAGACTGA",1e-07,"DNA","PRIMER","AMPL556370172_Rev"
"ACGTCTCAAAGAGGTTGTCATACTTG",1e-07,"DNA","PRIMER","AMPL556385351_Rev"
"TCTCCAAATGGTGCCCTTCA",1e-07,"DNA","PRIMER","AMPL556424352_Rev"
"CCTGCCCCATCACTGGT",1e-07,"DNA","PRIMER","AMPL569736509_Rev"
"CCAGCCTCCACCACATTTTCAT",1e-07,"DNA","PRIMER","AMPL569738926_Rev"
"CTTGTCCCCAGGACGCA",1e-07,"DNA","PRIMER","AMPL569743668_Rev"
"GGAGCTTCCACCAGTTCCA",1e-07,"DNA","PRIMER","AMPL569771076_Rev"
"CACATCTGGGAGACAGCCA",1e-07,"DNA","PRIMER","AMPL569777773_Rev"
"CAGCCTCCACCACATTTTCAC",1e-07,"DNA","PRIMER","AMPL569793612_Rev"
"TGTGCAAGTGCCCTTCCA",1e-07,"DNA","PRIMER","AMPL569807803_Rev"
"ATCAGCCTCTCACCTTGCAG",1e-07,"DNA","PRIMER","AMPL569876406_Rev"
"GTTGTCCTCCTGCCAGGAAA",1e-07,"DNA","PRIMER","AMPL570334446_Rev"
"CTGCCCCATCACTGGCT",1e-07,"DNA","PRIMER","AMPL570348570_Rev"
"TGAGAAAGGGAATCACGTCCAC",1e-07,"DNA","PRIMER","AMPL570395247_Rev"
"GGCCGTCCACACACAGTC",1e-07,"DNA","PRIMER","AMPL570562416_Rev"
"CCTCAGGAGCCCAGCCTTA",1e-07,"DNA","PRIMER","AMPL570683433_Rev"
"CTGGGAGCCACCTCCTT",1e-07,"DNA","PRIMER","AMPL570891051_Rev"
"TGCTGGGAGCTACCTCCTTAA",1e-07,"DNA","PRIMER","AMPL570985432_Rev"
"ACACTCAGAACCCATCATAGGATACA",1e-07,"DNA","PRIMER","AMPL612959905_Rev"
"CTCCCTGAGAATGTTGGATCAAGATAAA",1e-07,"DNA","PRIMER","AMPL612960517_Rev"
"GTGTCTGGTAGGGCCATGTT",1e-07,"DNA","PRIMER","AMPL623736840_Rev"
"ACTGGGTCCTGAGGTAAAGGAG",1e-07,"DNA","PRIMER","AMPL623749092_Rev"
"TTTACACACCTCTCTCATGGGATAAGA",1e-07,"DNA","PRIMER","AMPL623762017_Rev"
"GTTTTCTGCCTTGTGCAATGACT",1e-07,"DNA","PRIMER","AMPL623764571_Rev"
"CCAAATTCCAGGCCAGGATTCA",1e-07,"DNA","PRIMER","AMPL623770850_Rev"
"TGGCTGTAGATTTTGGAGTTCTGAAA",1e-07,"DNA","PRIMER","AMPL648144397_Rev"
"TCATAGAGTGTGCTCTCAGATTGACT",1e-07,"DNA","PRIMER","AMPL658783041_Rev"
"CCCCATTCAAAGCATTCATAAAGGT",1e-07,"DNA","PRIMER","AMPL658804790_Rev"
"CTGCGTTAGTTCCAGTGACTGT",1e-07,"DNA","PRIMER","AMPL659619504_Rev"
"CCCACTTCTGATCTCAGCAAGG",1e-07,"DNA","PRIMER","AMPL661570029_Rev"
"GGGAATACTGATCCTGATTTAACAGTGA",1e-07,"DNA","PRIMER","AMPL663100272_Rev"
"GCCTGTACCTGAGGCCCTAA",1e-07,"DNA","PRIMER","AMPL663779199_Rev"
"TAGTGTGAAGGGTTCATATGCATAATCA",1e-07,"DNA","PRIMER","AMPL712350278_Rev"
"GCTTTCCAGAGCAGGGAGTAG",1e-07,"DNA","PRIMER","AMPL712394111_Rev"
"GCGTTGCTGAGGATCGGTTC",1e-07,"DNA","PRIMER","AMPL712468205_Rev"
"GGGCAGACAGTCAAGATCAGT",1e-07,"DNA","PRIMER","AMPL807051270_Rev"
"GGTGGGATATGACCCAGAAGGAG",1e-07,"DNA","PRIMER","AMPL807062547_Rev"
"ACATTTATGATGCAGCAGATGTTGACTA",1e-07,"DNA","PRIMER","AMPL811140534_Rev"
"GTGAATCTGTTGATGGAGATCCAACTAT",1e-07,"DNA","PRIMER","AMPL811145968_Rev"
"GTCAGAAGCCCATTAAAATAGTTACAAGC",1e-07,"DNA","PRIMER","AMPL811148683_Rev"
"GGAGTACAGAGTGGCAACAGG",1e-07,"DNA","PRIMER","AMPL811598314_Rev"
"TGCTATGAGTACAATCACATTTTTCCAC",1e-07,"DNA","PRIMER","AMPL812248025_Rev"
"TCCCGGAAGTGCCTAAACC",1e-07,"DNA","PRIMER","AMPL812522983_Rev"
"CCCCCAAGAGCTTCCAGTG",1e-07,"DNA","PRIMER","AMPL868057489_Rev"
"AAGGTGGCTCACACTTGAGG",1e-07,"DNA","PRIMER","AMPL868122714_Rev"
"GTTCGTGGTCTAGCTCCTCCTA",1e-07,"DNA","PRIMER","AMPL868334943_Rev"
"TCTCCGAAGGTGAGGTAACAGA",1e-07,"DNA","PRIMER","AMPL868433204_Rev"
"GTCGGCTACTCCCACGTAAA",1e-07,"DNA","PRIMER","AMPL1314131500_Rev"
"CAGAAGGGATTTGGTATATGTCTGACAA",1e-07,"DNA","PRIMER","AMPL1316862546_Rev"
"CTTACCAAGCTATCCACATCTATGCT",1e-07,"DNA","PRIMER","AMPL1316863746_Rev"
"GCAGAAGGTCATCCAAAATTGCTATATCT",1e-07,"DNA","PRIMER","AMPL1325115211_Rev"
"GTGAAATACCCCCAAGCGATG",1e-07,"DNA","PRIMER","AMPL1350926839_Rev"
"CCCTTTTACAGTTATCCAGGTTAGCAC",1e-07,"DNA","PRIMER","AMPL1371818357_Rev"
"CGGCCGATGGTATGGAGT",1e-07,"DNA","PRIMER","AMPL1371818429_Rev"
"TGCAGTCGCTGCTGAATCT",1e-07,"DNA","PRIMER","AMPL1371819731_Rev"
"TGAGAAGGCAGTGTACCCTTGA",1e-07,"DNA","PRIMER","AMPL1380948433_Rev"
"GACCTACTACTCTGGGTGCCT",1e-07,"DNA","PRIMER","AMPL1380948435_Rev"
"CTGCTGTGTAGACTGTTTTGGG",1e-07,"DNA","PRIMER","AMPL1425597489_Rev"
"CCTGAAAACATACCACCATCAACCTATA",1e-07,"DNA","PRIMER","AMPL1486226181_Rev"
"AGGTAACAGCAATGAAGAAGATGACAAA",1e-07,"DNA","PRIMER","AMPL1489330457_Rev"
"ATCAGTAATCTGTCGCATTTCATCAAGA",1e-07,"DNA","PRIMER","AMPL1497161003_Rev"
"CCTCCTTCCAGTTCTACCAGTTATATCA",1e-07,"DNA","PRIMER","AMPL467213023_Rev"
"CAACTCCCAGATTAGCCCCAT",1e-07,"DNA","PRIMER","AMPL467504527_Rev"
"TGAAGAACAAAAGAACTACCTTGCCT",1e-07,"DNA","PRIMER","AMPL467649362_Rev"
"CAGCAAATGCTTGCTAGACCAA",1e-07,"DNA","PRIMER","AMPL467692120_Rev"
"CTTCTGTTGGCATGTCAATGAACT",1e-07,"DNA","PRIMER","AMPL468021362_Rev"
"CGCACATTTTTGCAAAGTTCATTAGAAC",1e-07,"DNA","PRIMER","AMPL468184487_Rev"
"CACCTATTCACCAGATTTCGTAGTCTT",1e-07,"DNA","PRIMER","AMPL468281303_Rev"
"CCATAATGCTTGGGAGAAATGAAACAA",1e-07,"DNA","PRIMER","AMPL468425396_Rev"
"CAGCAGTATGCCTTAACAGATTGGATAT",1e-07,"DNA","PRIMER","AMPL468865894_Rev"
"CCCCAAACTCTCCAGTCTGTTTAA",1e-07,"DNA","PRIMER","AMPL468866489_Rev"
"TCCAGGAAAACTGAGAACAGAATGAAATT",1e-07,"DNA","PRIMER","AMPL469146556_Rev"
"GATAAATCGCGATAGAGCGTTCCT",1e-07,"DNA","PRIMER","AMPL469286737_Rev"
"TCTGCAACTTTCCATATTTCTTGATCACT",1e-07,"DNA","PRIMER","AMPL469294494_Rev"
"CACTGTTGCAAAGTTATTGAATCCCA",1e-07,"DNA","PRIMER","AMPL469322657_Rev"
"GTCTCCTCTTTCAGAGCAGCAAT",1e-07,"DNA","PRIMER","AMPL469688358_Rev"
"TCCTAGTTTTGTTAGCCATCAGTTTACAG",1e-07,"DNA","PRIMER","AMPL474961767_Rev"
"TGAGATAGTTGGAATGCTTAGCAAACAA",1e-07,"DNA","PRIMER","AMPL492210713_Rev"
"TCACACAATTTGACTATTGCCAGGAA",1e-07,"DNA","PRIMER","AMPL497497076_Rev"
"AGGAATGAATTGCTAAACTGTGGAAAAT",1e-07,"DNA","PRIMER","AMPL556186951_Rev"
"CCTTTGATTAGTGCATAGGGAAGCA",1e-07,"DNA","PRIMER","AMPL556296474_Rev"
"TCAGTGGTGATGAGCTTTGAGTTT",1e-07,"DNA","PRIMER","AMPL556350401_Rev"
"CAGCAGTCGGGTCAGCA",1e-07,"DNA","PRIMER","AMPL569735623_Rev"
"TCTCTCGCACCCCAGTATGA",1e-07,"DNA","PRIMER","AMPL569737895_Rev"
"TGCACGTGCCCTTCCAG",1e-07,"DNA","PRIMER","AMPL569740889_Rev"
"CCCAGCCTCTCCCCTACAA",1e-07,"DNA","PRIMER","AMPL569741665_Rev"
"TTGCTGGGAAGGAGCCTTT",1e-07,"DNA","PRIMER","AMPL569744325_Rev"
"TGAGTCAGGCCAAGCAGATAGAT",1e-07,"DNA","PRIMER","AMPL569771170_Rev"
"ATTAAGTTGTCGTCCTGCCAGAA",1e-07,"DNA","PRIMER","AMPL569774125_Rev"
"GCCGCACAGTGCTCAGA",1e-07,"DNA","PRIMER","AMPL569812811_Rev"
"CTCCGGAGCTTCCACCA",1e-07,"DNA","PRIMER","AMPL569874802_Rev"
"CCACCACATCTGGGAGACAG",1e-07,"DNA","PRIMER","AMPL569877865_Rev"
"AGCAGTCGGGTCAGCAC",1e-07,"DNA","PRIMER","AMPL570347519_Rev"
"CCTCTCTCGCACCCCAGT",1e-07,"DNA","PRIMER","AMPL570349389_Rev"
"CCTGGGCTCGGGCTTTC",1e-07,"DNA","PRIMER","AMPL570761882_Rev"
"CTTTCCTCACTCATCCCCAACC",1e-07,"DNA","PRIMER","AMPL570836129_Rev"
"GAGCGGCTGGGTGAAATG",1e-07,"DNA","PRIMER","AMPL570896514_Rev"
"GCCCAGCCTTACCTCACA",1e-07,"DNA","PRIMER","AMPL570976876_Rev"
"GGTTTCAGCCCCACAGTGTAA",1e-07,"DNA","PRIMER","AMPL570992917_Rev"
"CTCTGATTCCACAAGGTATTTAGCAGT",1e-07,"DNA","PRIMER","AMPL612960426_Rev"
"ACAGAGGGTTGAGAGGGTCAT",1e-07,"DNA","PRIMER","AMPL623733836_Rev"
"GGCAATATCTGGCAGGAAACTG",1e-07,"DNA","PRIMER","AMPL623737664_Rev"
"TGAGCAAGCATTTCGTAGCCA",1e-07,"DNA","PRIMER","AMPL623742865_Rev"
"GTCCAGATGCTGACCCTACTG",1e-07,"DNA","PRIMER","AMPL623750282_Rev"
"TCCCCCAGCAACTGTTTCAA",1e-07,"DNA","PRIMER","AMPL623758630_Rev"
"GTTGCTGTCTCCCTGTCCTT",1e-07,"DNA","PRIMER","AMPL623760758_Rev"
"CTGCCAGAAAAATTACTAAGCACCAAAT",1e-07,"DNA","PRIMER","AMPL647470059_Rev"
"AAAAATTGTTGGCATTCCAGCAT",1e-07,"DNA","PRIMER","AMPL647810578_Rev"
"ACTAAACAATGTACATGAACATACCTTTCCA",1e-07,"DNA","PRIMER","AMPL655136916_Rev"
"CCTGCTTGAGACACCTATTTTGTG",1e-07,"DNA","PRIMER","AMPL658674329_Rev"
"CAAGTACTAGGTTGGTTCTGTGGTT",1e-07,"DNA","PRIMER","AMPL659377496_Rev"
"CCTGCTCTGACAAACATCATCAAGAT",1e-07,"DNA","PRIMER","AMPL659599485_Rev"
"TGAGGACACTTGAAGAGTTTTTGCTTAT",1e-07,"DNA","PRIMER","AMPL659794021_Rev"
"GACAGATTTGCCAATCAGATTCTCAG",1e-07,"DNA","PRIMER","AMPL661534109_Rev"
"GAAAGTAAGGTGAGGTGGTGACA",1e-07,"DNA","PRIMER","AMPL663072267_Rev"
"CGTTGTCAAACAGGAAGGTGCTA",1e-07,"DNA","PRIMER","AMPL807015613_Rev"
"CTGCAGACTGTACGCCTTGT",1e-07,"DNA","PRIMER","AMPL807033687_Rev"
"TCTGAAGGTTCACACTCCTCTGA",1e-07,"DNA","PRIMER","AMPL807207246_Rev"
"CCCCATAACTTCCAGTATCATTTTCCAA",1e-07,"DNA","PRIMER","AMPL811141827_Rev"
"CAGCCTTAAATCCTTTACAAGATGGAGA",1e-07,"DNA","PRIMER","AMPL811143696_Rev"
"AGGCTAAATGTAAAACACAAGACTGTCA",1e-07,"DNA","PRIMER","AMPL811148743_Rev"
"GCTTAGAGGTTAACAGAAGGGAAAACAA",1e-07,"DNA","PRIMER","AMPL811679394_Rev"
"CCTCCTGCGTCAGGACAAC",1e-07,"DNA","PRIMER","AMPL812518150_Rev"
"GAAAGGAGACTAACAAGTTGTCCAATACT",1e-07,"DNA","PRIMER","AMPL844200061_Rev"
"CGAAGGTGGCTCCCACTT",1e-07,"DNA","PRIMER","AMPL868037386_Rev"
"ACCAGGCTCTCCTGCAGA",1e-07,"DNA","PRIMER","AMPL868037962_Rev"
"GCCTCAGCTGCATCTCCA",1e-07,"DNA","PRIMER","AMPL868068403_Rev"
"GTCTCCAACTCTGGTTTGAAAGTT",1e-07,"DNA","PRIMER","AMPL868171912_Rev"
"TGAGCTTCTTGTGGGCTTTCC",1e-07,"DNA","PRIMER","AMPL868225358_Rev"
"TCTCCGAAGGTGAGGTAACAGT",1e-07,"DNA","PRIMER","AMPL868241158_Rev"
"AGCTCTGTTAGCCAAAAGACACC",1e-07,"DNA","PRIMER","AMPL868360804_Rev"
"CTGCTTTCTCCCCACCAGATATG",1e-07,"DNA","PRIMER","AMPL939986921_Rev"
"ACAGGACTTCAACCCTCAATCAAATAAA",1e-07,"DNA","PRIMER","AMPL1317650819_Rev"
"TGGTGGATCAGCAGTTTCATTTCTTAG",1e-07,"DNA","PRIMER","AMPL1350926834_Rev"
"CAAGCTTCCCAGGAAACTGTTCT",1e-07,"DNA","PRIMER","AMPL1350926835_Rev"
"GTCTAACAAAGCAAGCAGTGTTCAAA",1e-07,"DNA","PRIMER","AMPL1350926836_Rev"
"TTCTGACCTTGGTTAACTGAGTGTG",1e-07,"DNA","PRIMER","AMPL1350926838_Rev"
"GTCAGCAAATAGGCAAGGGAAG",1e-07,"DNA","PRIMER","AMPL1371818112_Rev"
"AGCTCCTGAGTCCCAAGGAAT",1e-07,"DNA","PRIMER","AMPL1371818403_Rev"
"AGTGAACGCATCTGAAAACAACAAAG",1e-07,"DNA","PRIMER","AMPL1380948434_Rev"
"GGCCACCTTCTCACCTGAAAAA",1e-07,"DNA","PRIMER","AMPL1380948436_Rev"
"ACCTTCACAGGAACCAAGGATAGAT",1e-07,"DNA","PRIMER","AMPL1425598476_Rev"
"CTGTGGGCAACAACTGCAT",1e-07,"DNA","PRIMER","AMPL1486260392_Rev"
"AACAGAAGCATATAAAACTAATTCATGATTGGT",1e-07,"DNA","PRIMER","AMPL1486309394_Rev"
"GAAGTGTCCATAGTCCTTTTAAGCTTGTA",1e-07,"DNA","PRIMER","AMPL1489275007_Rev"
"AAAGGTCTGTGAGCTTGTCACTTT",1e-07,"DNA","PRIMER","AMPL1489306062_Rev"
"GCTAAAGTTAATGAGTTCATAGTACCTGTTGT",1e-07,"DNA","PRIMER","AMPL1524050819_Rev"
