"Sequence","Concentration","StrandType","Function","Name"
"CCCAGGGTTCACAGCTGTTC",1e-07,"DNA","PRIMER","AMPL712468205_Fwd"
"GCCTCATGTCGCGCAGT",1e-07,"DNA","PRIMER","AMPL807033687_Fwd"
"GAAGGTTGGAACGCTCATCC",1e-07,"DNA","PRIMER","AMPL807051270_Fwd"
"GAGGGAGCTAGAGAGCTCTGA",1e-07,"DNA","PRIMER","AMPL623733836_Fwd"
"CCCCAGCTTCTGAAGACAGT",1e-07,"DNA","PRIMER","AMPL807062547_Fwd"
"CCACCCACAGGGATAGTGAAC",1e-07,"DNA","PRIMER","AMPL807015613_Fwd"
"GGTAGGTGAATCCCCAGTACGA",1e-07,"DNA","PRIMER","AMPL623749092_Fwd"
"GACTTCTGCTGCAGAGAGTGATA",1e-07,"DNA","PRIMER","AMPL868171912_Fwd"
"CTGGTAACTATGGATTTCCCCTCTTAC",1e-07,"DNA","PRIMER","AMPL556199792_Fwd"
"ACTCATGTCGGTCCCTGAGAT",1e-07,"DNA","PRIMER","AMPL868360804_Fwd"
"TGGTCAGGAGGGAGTTGACTT",1e-07,"DNA","PRIMER","AMPL556343103_Fwd"
"CTGTGGACATGGGAACAGGAT",1e-07,"DNA","PRIMER","AMPL623737664_Fwd"
"TTTGCCCCTTGACAGGTATGG",1e-07,"DNA","PRIMER","AMPL623762017_Fwd"
"GTCCCTAACTTTCTTATCCCATGAGAGA",1e-07,"DNA","PRIMER","AMPL1371818112_Fwd"
"CTTTTCTTCTGCTTCCCTTGCC",1e-07,"DNA","PRIMER","AMPL623736840_Fwd"
"CTGGTTAGTACTGGTCCCCTTCT",1e-07,"DNA","PRIMER","AMPL623750282_Fwd"
"CTAGGCACTGGATGGAGGTTG",1e-07,"DNA","PRIMER","AMPL556385351_Fwd"
"CCTCCATCATGAAGAAGCTCTTGAC",1e-07,"DNA","PRIMER","AMPL623758630_Fwd"
"ACTGCAACCTCAAAGGAGCAA",1e-07,"DNA","PRIMER","AMPL1371818357_Fwd"
"CCTGGTTGGGTTTGGGAGTAG",1e-07,"DNA","PRIMER","AMPL623742865_Fwd"
"CCACTGTCCGGAAATTCATGGT",1e-07,"DNA","PRIMER","AMPL623764571_Fwd"
"CCTGATACTTCTGTTGCCCTTGTG",1e-07,"DNA","PRIMER","AMPL1371818403_Fwd"
"CCCTGATAGTTTCCCATAACAACCT",1e-07,"DNA","PRIMER","AMPL1371818429_Fwd"
"AAAAATGAAGTCCATGCCACCATTC",1e-07,"DNA","PRIMER","AMPL623760758_Fwd"
"ACTTCCTGAGGTTCATTACCACCT",1e-07,"DNA","PRIMER","AMPL623770850_Fwd"
"CAGTCTTGCTGAATTAAGCAGAAAGG",1e-07,"DNA","PRIMER","AMPL807207246_Fwd"
"ACATTTATGATGCAGCAGATGTTGACTA",1e-07,"DNA","PRIMER","AMPL811140534_Rev"
"CCCCATAACTTCCAGTATCATTTTCCAA",1e-07,"DNA","PRIMER","AMPL811141827_Rev"
"GTCAGAAGCCCATTAAAATAGTTACAAGC",1e-07,"DNA","PRIMER","AMPL811148683_Rev"
"AGGCTAAATGTAAAACACAAGACTGTCA",1e-07,"DNA","PRIMER","AMPL811148743_Rev"
"ATCAGTAATCTGTCGCATTTCATCAAGA",1e-07,"DNA","PRIMER","AMPL1497161003_Rev"
"CAGCCTTAAATCCTTTACAAGATGGAGA",1e-07,"DNA","PRIMER","AMPL811143696_Rev"
"GTGAATCTGTTGATGGAGATCCAACTAT",1e-07,"DNA","PRIMER","AMPL811145968_Rev"
"TGAGGACACTTGAAGAGTTTTTGCTTAT",1e-07,"DNA","PRIMER","AMPL659794021_Rev"
"TCTCCAAATGGTGCCCTTCA",1e-07,"DNA","PRIMER","AMPL556424352_Rev"
"GAAAGTAAGGTGAGGTGGTGACA",1e-07,"DNA","PRIMER","AMPL663072267_Rev"
"GGGAATACTGATCCTGATTTAACAGTGA",1e-07,"DNA","PRIMER","AMPL663100272_Rev"
"ACCTTCACAGGAACCAAGGATAGAT",1e-07,"DNA","PRIMER","AMPL1425598476_Rev"
"TCATAGAGTGTGCTCTCAGATTGACT",1e-07,"DNA","PRIMER","AMPL658783041_Rev"
"CAAGTACTAGGTTGGTTCTGTGGTT",1e-07,"DNA","PRIMER","AMPL659377496_Rev"
"CCCATTCCTCATGTAGAAAGACTGA",1e-07,"DNA","PRIMER","AMPL556370172_Rev"
"TCAGTGGTGATGAGCTTTGAGTTT",1e-07,"DNA","PRIMER","AMPL556350401_Rev"
"TGCTATGAGTACAATCACATTTTTCCAC",1e-07,"DNA","PRIMER","AMPL812248025_Rev"
"CCTGCTTGAGACACCTATTTTGTG",1e-07,"DNA","PRIMER","AMPL658674329_Rev"
"CCCCATTCAAAGCATTCATAAAGGT",1e-07,"DNA","PRIMER","AMPL658804790_Rev"
"GACAGATTTGCCAATCAGATTCTCAG",1e-07,"DNA","PRIMER","AMPL661534109_Rev"
"CCCACTTCTGATCTCAGCAAGG",1e-07,"DNA","PRIMER","AMPL661570029_Rev"
"CCTGCTCTGACAAACATCATCAAGAT",1e-07,"DNA","PRIMER","AMPL659599485_Rev"
"CTGCGTTAGTTCCAGTGACTGT",1e-07,"DNA","PRIMER","AMPL659619504_Rev"
"AGGAATGAATTGCTAAACTGTGGAAAAT",1e-07,"DNA","PRIMER","AMPL556186951_Rev"
"GCCTGTACCTGAGGCCCTAA",1e-07,"DNA","PRIMER","AMPL663779199_Rev"
"CCTCCTGCGTCAGGACAAC",1e-07,"DNA","PRIMER","AMPL812518150_Rev"
"TCCCGGAAGTGCCTAAACC",1e-07,"DNA","PRIMER","AMPL812522983_Rev"
"GCTTAGAGGTTAACAGAAGGGAAAACAA",1e-07,"DNA","PRIMER","AMPL811679394_Rev"
"GACCTACTACTCTGGGTGCCT",1e-07,"DNA","PRIMER","AMPL1380948435_Rev"
"GGCCACCTTCTCACCTGAAAAA",1e-07,"DNA","PRIMER","AMPL1380948436_Rev"
"AAAACTGCTTATTCCTTTACCCCAA",1e-07,"DNA","PRIMER","AMPL493118173_Rev"
"CTCTGATTCCACAAGGTATTTAGCAGT",1e-07,"DNA","PRIMER","AMPL612960426_Rev"
"CAGAAGGGATTTGGTATATGTCTGACAA",1e-07,"DNA","PRIMER","AMPL1316862546_Rev"
"ACTAAACAATGTACATGAACATACCTTTCCA",1e-07,"DNA","PRIMER","AMPL655136916_Rev"
"TGAAGCCAGCTCTCTATCCCATT",1e-07,"DNA","PRIMER","AMPL478031510_Rev"
"CACCTATTCACCAGATTTCGTAGTCTT",1e-07,"DNA","PRIMER","AMPL468281303_Rev"
"ACACTCAGAACCCATCATAGGATACA",1e-07,"DNA","PRIMER","AMPL612959905_Rev"
"GATAAATCGCGATAGAGCGTTCCT",1e-07,"DNA","PRIMER","AMPL469286737_Rev"
"GTACGATACAGAATATATGTGCCATGGG",1e-07,"DNA","PRIMER","AMPL469324749_Rev"
"GAAAGGAGACTAACAAGTTGTCCAATACT",1e-07,"DNA","PRIMER","AMPL844200061_Rev"
"ACTCCGCCTTTCCAGTTGTATAATTT",1e-07,"DNA","PRIMER","AMPL468748906_Rev"
"CAACTCCCAGATTAGCCCCAT",1e-07,"DNA","PRIMER","AMPL467504527_Rev"
"GCATAGAGCAGTCCTGGTTTTACTAAA",1e-07,"DNA","PRIMER","AMPL467561353_Rev"
"CAGCAGTATGCCTTAACAGATTGGATAT",1e-07,"DNA","PRIMER","AMPL468865894_Rev"
"GAGGTGGAAGTCTACCATGATAAACAT",1e-07,"DNA","PRIMER","AMPL468874944_Rev"
"CCTTTGATTAGTGCATAGGGAAGCA",1e-07,"DNA","PRIMER","AMPL556296474_Rev"
"TGCTCCAAGAGAGTCATACCATGT",1e-07,"DNA","PRIMER","AMPL468172695_Rev"
"CGCACATTTTTGCAAAGTTCATTAGAAC",1e-07,"DNA","PRIMER","AMPL468184487_Rev"
"CCTCCCAGAAGGCTGTTACATTC",1e-07,"DNA","PRIMER","AMPL467212996_Rev"
"CCTCCTTCCAGTTCTACCAGTTATATCA",1e-07,"DNA","PRIMER","AMPL467213023_Rev"
"GACAGGAGTACCAAGAAGTGAGAAATT",1e-07,"DNA","PRIMER","AMPL467632467_Rev"
"TGAAGAACAAAAGAACTACCTTGCCT",1e-07,"DNA","PRIMER","AMPL467649362_Rev"
"CACCCATACATTCTCCTAATGCTCAT",1e-07,"DNA","PRIMER","AMPL467656796_Rev"
"TCCAGGAAAACTGAGAACAGAATGAAATT",1e-07,"DNA","PRIMER","AMPL469146556_Rev"
"TAGTGTGAAGGGTTCATATGCATAATCA",1e-07,"DNA","PRIMER","AMPL712350278_Rev"
"CAGCAAATGCTTGCTAGACCAA",1e-07,"DNA","PRIMER","AMPL467692120_Rev"
"CAATCTATGATGGGACAGTCTGTCT",1e-07,"DNA","PRIMER","AMPL468091028_Rev"
"TCCTAGTTTTGTTAGCCATCAGTTTACAG",1e-07,"DNA","PRIMER","AMPL474961767_Rev"
"TGGCTGTAGATTTTGGAGTTCTGAAA",1e-07,"DNA","PRIMER","AMPL648144397_Rev"
"CCCCAAACTCTCCAGTCTGTTTAA",1e-07,"DNA","PRIMER","AMPL468866489_Rev"
"TCCCTGCTCAGAATCTGGTACT",1e-07,"DNA","PRIMER","AMPL468922661_Rev"
"TTCTGACCTTGGTTAACTGAGTGTG",1e-07,"DNA","PRIMER","AMPL1350926838_Rev"
"GTGAAATACCCCCAAGCGATG",1e-07,"DNA","PRIMER","AMPL1350926839_Rev"
"CTGCCAGAAAAATTACTAAGCACCAAAT",1e-07,"DNA","PRIMER","AMPL647470059_Rev"
"TGTATACATCCCCAAACTATCTTAATTTAACTT",1e-07,"DNA","PRIMER","AMPL469147322_Rev"
"CCATAATGCTTGGGAGAAATGAAACAA",1e-07,"DNA","PRIMER","AMPL468425396_Rev"
"GTCGGCTACTCCCACGTAAA",1e-07,"DNA","PRIMER","AMPL1314131500_Rev"
"TGGTGGATCAGCAGTTTCATTTCTTAG",1e-07,"DNA","PRIMER","AMPL1350926834_Rev"
"GCAGAAGGTCATCCAAAATTGCTATATCT",1e-07,"DNA","PRIMER","AMPL1325115211_Rev"
"ACAGGACTTCAACCCTCAATCAAATAAA",1e-07,"DNA","PRIMER","AMPL1317650819_Rev"
"TGAGTATCGCACATTCACTGTCATAC",1e-07,"DNA","PRIMER","AMPL467096662_Rev"
"GAAGTGTCCATAGTCCTTTTAAGCTTGTA",1e-07,"DNA","PRIMER","AMPL1489275007_Rev"
"AGGTAACAGCAATGAAGAAGATGACAAA",1e-07,"DNA","PRIMER","AMPL1489330457_Rev"
"GCTAAAGTTAATGAGTTCATAGTACCTGTTGT",1e-07,"DNA","PRIMER","AMPL1524050819_Rev"
